code,event,finished,finished_provisional,id,kickoff_time,minutes,provisional_start_time,started,team_a,team_a_score,team_h,team_h_score,stats,team_h_difficulty,team_a_difficulty,pulse_id
2562201,,FALSE,FALSE,307,,0,FALSE,,8,,13,,[List],3,5,125097
2561895,1,TRUE,TRUE,1,2025-08-15T19:00:00Z,90,FALSE,TRUE,4,2,12,4,[List],3,4,124791
2561896,1,TRUE,TRUE,2,2025-08-16T11:30:00Z,90,FALSE,TRUE,15,0,2,0,[List],3,4,124792
2561897,1,TRUE,TRUE,3,2025-08-16T14:00:00Z,90,FALSE,TRUE,10,1,6,1,[List],3,4,124793
2561900,1,TRUE,TRUE,6,2025-08-16T14:00:00Z,90,FALSE,TRUE,3,0,18,3,[List],1,2,124796
2561899,1,TRUE,TRUE,5,2025-08-16T14:00:00Z,90,FALSE,TRUE,19,0,17,3,[List],2,3,124795
2561901,1,TRUE,TRUE,7,2025-08-16T16:30:00Z,90,FALSE,TRUE,13,4,20,0,[List],4,2,124797
2561902,1,TRUE,TRUE,8,2025-08-17T13:00:00Z,90,FALSE,TRUE,8,0,7,0,[List],3,3,124798
2561898,1,TRUE,TRUE,4,2025-08-17T13:00:00Z,90,FALSE,TRUE,5,1,16,3,[List],3,3,124794
2561903,1,TRUE,TRUE,9,2025-08-17T15:30:00Z,90,FALSE,TRUE,1,1,14,0,[List],4,4,124799
2561904,1,TRUE,TRUE,10,2025-08-18T19:00:00Z,90,FALSE,TRUE,9,0,11,1,[List],3,3,124800
2561914,2,TRUE,TRUE,20,2025-08-22T19:00:00Z,90,FALSE,TRUE,7,5,19,1,[List],3,2,124810
2561912,2,TRUE,TRUE,18,2025-08-23T11:30:00Z,90,FALSE,TRUE,18,2,13,0,[List],2,5,124808
2561905,2,TRUE,TRUE,12,2025-08-23T14:00:00Z,90,FALSE,TRUE,20,0,4,1,[List],2,3,124802
2561907,2,TRUE,TRUE,13,2025-08-23T14:00:00Z,90,FALSE,TRUE,2,0,5,1,[List],3,3,124803
2561908,2,TRUE,TRUE,14,2025-08-23T14:00:00Z,90,FALSE,TRUE,17,0,3,2,[List],2,2,124804
2561906,2,TRUE,TRUE,11,2025-08-23T16:30:00Z,90,FALSE,TRUE,11,0,1,5,[List],2,5,124801
2561909,2,TRUE,TRUE,15,2025-08-24T13:00:00Z,90,FALSE,TRUE,16,1,8,1,[List],2,3,124805
2561910,2,TRUE,TRUE,16,2025-08-24T13:00:00Z,90,FALSE,TRUE,6,0,9,2,[List],3,3,124806
2561911,2,TRUE,TRUE,17,2025-08-24T15:30:00Z,90,FALSE,TRUE,14,1,10,1,[List],3,3,124807
2561913,2,TRUE,TRUE,19,2025-08-25T19:00:00Z,90,FALSE,TRUE,12,3,15,2,[List],3,3,124809
2561917,3,TRUE,TRUE,23,2025-08-30T11:30:00Z,90,FALSE,TRUE,10,0,7,2,[List],3,3,124813
2561920,3,TRUE,TRUE,26,2025-08-30T14:00:00Z,90,FALSE,TRUE,3,2,14,3,[List],1,4,124816
2561923,3,TRUE,TRUE,29,2025-08-30T14:00:00Z,90,FALSE,TRUE,4,1,18,0,[List],3,2,124819
2561922,3,TRUE,TRUE,28,2025-08-30T14:00:00Z,90,FALSE,TRUE,5,1,17,2,[List],3,3,124818
2561924,3,TRUE,TRUE,30,2025-08-30T14:00:00Z,90,FALSE,TRUE,9,3,20,2,[List],3,2,124820
2561918,3,TRUE,TRUE,24,2025-08-30T16:30:00Z,90,FALSE,TRUE,15,0,11,0,[List],3,3,124814
2561916,3,TRUE,TRUE,22,2025-08-31T13:00:00Z,90,FALSE,TRUE,13,1,6,2,[List],4,4,124812
2561921,3,TRUE,TRUE,27,2025-08-31T13:00:00Z,90,FALSE,TRUE,19,3,16,0,[List],2,3,124817
2561919,3,TRUE,TRUE,25,2025-08-31T15:30:00Z,90,FALSE,TRUE,1,0,12,1,[List],4,4,124815
2561915,3,TRUE,TRUE,21,2025-08-31T18:00:00Z,90,FALSE,TRUE,8,3,2,0,[List],3,4,124811
2561926,4,TRUE,TRUE,31,2025-09-13T11:30:00Z,90,FALSE,TRUE,16,0,1,3,[List],2,5,124821
2561925,4,TRUE,TRUE,32,2025-09-13T14:00:00Z,90,FALSE,TRUE,6,1,4,2,[List],3,3,124822
2561929,4,TRUE,TRUE,35,2025-09-13T14:00:00Z,90,FALSE,TRUE,17,0,8,0,[List],2,3,124825
2561930,4,TRUE,TRUE,36,2025-09-13T14:00:00Z,90,FALSE,TRUE,2,0,9,0,[List],3,3,124826
2561931,4,TRUE,TRUE,37,2025-09-13T14:00:00Z,90,FALSE,TRUE,11,0,10,1,[List],2,3,124827
2561933,4,TRUE,TRUE,39,2025-09-13T14:00:00Z,90,FALSE,TRUE,20,0,15,1,[List],2,3,124829
2561934,4,TRUE,TRUE,40,2025-09-13T16:30:00Z,90,FALSE,TRUE,18,3,19,0,[List],2,2,124830
2561927,4,TRUE,TRUE,33,2025-09-13T19:00:00Z,90,FALSE,TRUE,7,2,5,2,[List],3,3,124823
2561928,4,TRUE,TRUE,34,2025-09-14T13:00:00Z,90,FALSE,TRUE,12,1,3,0,[List],3,2,124824
2561932,4,TRUE,TRUE,38,2025-09-14T15:30:00Z,90,FALSE,TRUE,14,0,13,3,[List],3,5,124828
2561940,5,TRUE,TRUE,46,2025-09-20T11:30:00Z,90,FALSE,TRUE,9,1,12,2,[List],3,4,124836
2561937,5,TRUE,TRUE,43,2025-09-20T14:00:00Z,90,FALSE,TRUE,18,2,6,2,[List],2,4,124833
2561938,5,TRUE,TRUE,44,2025-09-20T14:00:00Z,90,FALSE,TRUE,16,1,3,1,[List],2,2,124834
2561943,5,TRUE,TRUE,49,2025-09-20T14:00:00Z,90,FALSE,TRUE,8,2,19,1,[List],3,2,124839
2561944,5,TRUE,TRUE,50,2025-09-20T14:00:00Z,90,FALSE,TRUE,11,3,20,1,[List],2,2,124840
2561941,5,TRUE,TRUE,47,2025-09-20T16:30:00Z,90,FALSE,TRUE,7,1,14,2,[List],3,4,124837
2561939,5,TRUE,TRUE,45,2025-09-20T19:00:00Z,90,FALSE,TRUE,5,1,10,3,[List],3,3,124835
2561935,5,TRUE,TRUE,42,2025-09-21T13:00:00Z,90,FALSE,TRUE,15,0,4,0,[List],3,3,124832
2561942,5,TRUE,TRUE,48,2025-09-21T13:00:00Z,90,FALSE,TRUE,2,1,17,1,[List],3,3,124838
2561936,5,TRUE,TRUE,41,2025-09-21T15:30:00Z,90,FALSE,TRUE,13,1,1,1,[List],4,5,124831
2561946,6,TRUE,TRUE,52,2025-09-27T11:30:00Z,90,FALSE,TRUE,14,1,5,3,[List],3,3,124842
2561947,6,TRUE,TRUE,53,2025-09-27T14:00:00Z,90,FALSE,TRUE,6,3,7,1,[List],3,3,124843
2561948,6,TRUE,TRUE,54,2025-09-27T14:00:00Z,90,FALSE,TRUE,12,1,8,2,[List],3,3,124844
2561950,6,TRUE,TRUE,56,2025-09-27T14:00:00Z,90,FALSE,TRUE,4,2,11,2,[List],3,3,124846
2561951,6,TRUE,TRUE,57,2025-09-27T14:00:00Z,90,FALSE,TRUE,3,1,13,5,[List],1,5,124847
2561953,6,TRUE,TRUE,59,2025-09-27T16:30:00Z,90,FALSE,TRUE,17,1,16,0,[List],2,3,124849
2561954,6,TRUE,TRUE,60,2025-09-27T19:00:00Z,90,FALSE,TRUE,20,1,18,1,[List],2,2,124850
2561945,6,TRUE,TRUE,51,2025-09-28T13:00:00Z,90,FALSE,TRUE,10,1,2,3,[List],3,4,124841
2561952,6,TRUE,TRUE,58,2025-09-28T15:30:00Z,90,FALSE,TRUE,1,2,15,1,[List],4,3,124848
2561949,6,TRUE,TRUE,55,2025-09-29T19:00:00Z,90,FALSE,TRUE,19,1,9,1,[List],2,3,124845
2561955,7,TRUE,TRUE,63,2025-10-03T19:00:00Z,90,FALSE,TRUE,10,1,4,3,[List],3,3,124853
2561961,7,TRUE,TRUE,67,2025-10-04T11:30:00Z,90,FALSE,TRUE,18,2,11,1,[List],2,3,124857
2561956,7,TRUE,TRUE,61,2025-10-04T14:00:00Z,90,FALSE,TRUE,19,0,1,2,[List],2,5,124851
2561962,7,TRUE,TRUE,68,2025-10-04T14:00:00Z,90,FALSE,TRUE,17,0,14,2,[List],2,4,124858
2561959,7,TRUE,TRUE,65,2025-10-04T16:30:00Z,90,FALSE,TRUE,12,1,7,2,[List],3,3,124855
2561957,7,TRUE,TRUE,62,2025-10-05T13:00:00Z,90,FALSE,TRUE,3,1,2,2,[List],1,4,124852
2561960,7,TRUE,TRUE,66,2025-10-05T13:00:00Z,90,FALSE,TRUE,8,1,9,2,[List],3,3,124856
2561963,7,TRUE,TRUE,69,2025-10-05T13:00:00Z,90,FALSE,TRUE,16,0,15,2,[List],2,3,124859
2561964,7,TRUE,TRUE,70,2025-10-05T13:00:00Z,90,FALSE,TRUE,6,1,20,1,[List],3,2,124860
2561958,7,TRUE,TRUE,64,2025-10-05T15:30:00Z,90,FALSE,TRUE,13,1,5,0,[List],4,3,124854
2561971,8,TRUE,TRUE,77,2025-10-18T11:30:00Z,90,FALSE,TRUE,7,3,16,0,[List],3,3,124867
2561965,8,TRUE,TRUE,71,2025-10-18T14:00:00Z,90,FALSE,TRUE,15,1,6,2,[List],3,4,124861
2561966,8,TRUE,TRUE,72,2025-10-18T14:00:00Z,90,FALSE,TRUE,11,0,3,2,[List],2,2,124862
2561967,8,TRUE,TRUE,73,2025-10-18T14:00:00Z,90,FALSE,TRUE,4,3,8,3,[List],3,3,124863
2561970,8,TRUE,TRUE,76,2025-10-18T14:00:00Z,90,FALSE,TRUE,9,0,13,2,[List],3,5,124866
2561972,8,TRUE,TRUE,78,2025-10-18T14:00:00Z,90,FALSE,TRUE,20,0,17,2,[List],2,3,124868
2561968,8,TRUE,TRUE,74,2025-10-18T16:30:00Z,90,FALSE,TRUE,1,1,10,0,[List],4,3,124864
2561973,8,TRUE,TRUE,79,2025-10-19T13:00:00Z,90,FALSE,TRUE,2,2,18,1,[List],3,2,124869
2561969,8,TRUE,TRUE,75,2025-10-19T15:30:00Z,90,FALSE,TRUE,14,2,12,1,[List],3,4,124865
2561974,8,TRUE,TRUE,80,2025-10-20T19:00:00Z,90,FALSE,TRUE,5,2,19,0,[List],3,2,124870
2561981,9,TRUE,TRUE,87,2025-10-24T19:00:00Z,90,FALSE,TRUE,19,1,11,2,[List],2,3,124877
2561979,9,TRUE,TRUE,85,2025-10-25T14:00:00Z,90,FALSE,TRUE,17,2,7,1,[List],2,3,124875
2561983,9,TRUE,TRUE,89,2025-10-25T14:00:00Z,90,FALSE,TRUE,10,1,15,2,[List],3,3,124879
2561982,9,TRUE,TRUE,88,2025-10-25T16:30:00Z,90,FALSE,TRUE,6,2,14,4,[List],3,4,124878
2561978,9,TRUE,TRUE,84,2025-10-25T19:00:00Z,90,FALSE,TRUE,12,2,5,3,[List],3,3,124874
2561976,9,TRUE,TRUE,81,2025-10-26T14:00:00Z,90,FALSE,TRUE,8,0,1,1,[List],3,5,124871
2561977,9,TRUE,TRUE,82,2025-10-26T14:00:00Z,90,FALSE,TRUE,13,0,2,1,[List],4,4,124872
2561975,9,TRUE,TRUE,83,2025-10-26T14:00:00Z,90,FALSE,TRUE,16,0,4,2,[List],2,3,124873
2561984,9,TRUE,TRUE,90,2025-10-26T14:00:00Z,90,FALSE,TRUE,3,3,20,2,[List],1,2,124880
2561980,9,TRUE,TRUE,86,2025-10-26T16:30:00Z,90,FALSE,TRUE,18,3,9,0,[List],2,3,124876
2561985,10,TRUE,TRUE,91,2025-11-01T15:00:00Z,90,FALSE,TRUE,11,0,6,3,[List],2,4,124881
2561986,10,TRUE,TRUE,92,2025-11-01T15:00:00Z,90,FALSE,TRUE,1,2,3,0,[List],4,2,124882
2561987,10,TRUE,TRUE,93,2025-11-01T15:00:00Z,90,FALSE,TRUE,5,0,8,2,[List],3,3,124883
2561988,10,TRUE,TRUE,94,2025-11-01T15:00:00Z,90,FALSE,TRUE,20,0,10,3,[List],2,3,124884
2561991,10,TRUE,TRUE,97,2025-11-01T15:00:00Z,90,FALSE,TRUE,14,2,16,2,[List],3,3,124887
2561993,10,TRUE,TRUE,99,2025-11-01T17:30:00Z,90,FALSE,TRUE,7,1,18,0,[List],3,2,124889
2561989,10,TRUE,TRUE,95,2025-11-01T20:00:00Z,90,FALSE,TRUE,2,0,12,2,[List],3,4,124885
2561994,10,TRUE,TRUE,100,2025-11-02T14:00:00Z,90,FALSE,TRUE,15,1,19,3,[List],3,2,124890
2561990,10,TRUE,TRUE,96,2025-11-02T16:30:00Z,90,FALSE,TRUE,4,1,13,3,[List],3,5,124886
2561992,10,TRUE,TRUE,98,2025-11-03T20:00:00Z,90,FALSE,TRUE,9,1,17,1,[List],3,3,124888
2562003,11,TRUE,TRUE,109,2025-11-08T12:30:00Z,90,FALSE,TRUE,14,2,18,2,[List],3,2,124899
2561999,11,TRUE,TRUE,105,2025-11-08T15:00:00Z,90,FALSE,TRUE,10,0,9,2,[List],3,3,124895
2562004,11,TRUE,TRUE,110,2025-11-08T15:00:00Z,90,FALSE,TRUE,3,2,19,3,[List],1,2,124900
2562002,11,TRUE,TRUE,108,2025-11-08T17:30:00Z,90,FALSE,TRUE,1,2,17,2,[List],4,3,124898
2561997,11,TRUE,TRUE,103,2025-11-08T20:00:00Z,90,FALSE,TRUE,20,0,7,3,[List],2,3,124893
2561995,11,TRUE,TRUE,101,2025-11-09T14:00:00Z,90,FALSE,TRUE,4,0,2,4,[List],3,4,124891
2561996,11,TRUE,TRUE,102,2025-11-09T14:00:00Z,90,FALSE,TRUE,15,1,5,3,[List],3,3,124892
2561998,11,TRUE,TRUE,104,2025-11-09T14:00:00Z,90,FALSE,TRUE,6,0,8,0,[List],3,3,124894
2562001,11,TRUE,TRUE,107,2025-11-09T14:00:00Z,90,FALSE,TRUE,11,1,16,3,[List],2,3,124897
2562000,11,TRUE,TRUE,106,2025-11-09T16:30:00Z,90,FALSE,TRUE,12,0,13,3,[List],3,5,124896
2562008,12,TRUE,TRUE,114,2025-11-22T12:30:00Z,90,FALSE,TRUE,7,2,3,0,[List],3,2,124904
2562005,12,TRUE,TRUE,112,2025-11-22T15:00:00Z,90,FALSE,TRUE,19,2,4,2,[List],2,3,124902
2562007,12,TRUE,TRUE,113,2025-11-22T15:00:00Z,90,FALSE,TRUE,5,1,6,2,[List],3,4,124903
2562009,12,TRUE,TRUE,115,2025-11-22T15:00:00Z,90,FALSE,TRUE,17,0,10,1,[List],2,3,124905
2562011,12,TRUE,TRUE,117,2025-11-22T15:00:00Z,90,FALSE,TRUE,16,3,12,0,[List],2,4,124907
2562014,12,TRUE,TRUE,120,2025-11-22T15:00:00Z,90,FALSE,TRUE,8,2,20,0,[List],3,2,124910
2562013,12,TRUE,TRUE,119,2025-11-22T17:30:00Z,90,FALSE,TRUE,13,1,15,2,[List],4,3,124909
2562010,12,TRUE,TRUE,116,2025-11-23T14:00:00Z,90,FALSE,TRUE,2,2,11,1,[List],3,3,124906
2562006,12,TRUE,TRUE,111,2025-11-23T16:30:00Z,90,FALSE,TRUE,18,1,1,4,[List],2,5,124901
2562012,12,TRUE,TRUE,118,2025-11-24T20:00:00Z,90,FALSE,TRUE,9,1,14,0,[List],3,4,124908
2562016,13,TRUE,TRUE,122,2025-11-29T15:00:00Z,90,FALSE,TRUE,3,1,5,3,[List],1,3,124912
2562020,13,TRUE,TRUE,126,2025-11-29T15:00:00Z,90,FALSE,TRUE,11,2,13,3,[List],2,5,124916
2562022,13,TRUE,TRUE,128,2025-11-29T15:00:00Z,90,FALSE,TRUE,4,2,17,3,[List],3,3,124918
2562019,13,TRUE,TRUE,125,2025-11-29T17:30:00Z,90,FALSE,TRUE,15,4,9,1,[List],3,3,124915
2562023,13,TRUE,TRUE,129,2025-11-29T20:00:00Z,90,FALSE,TRUE,10,2,18,1,[List],3,2,124919
2562018,13,TRUE,TRUE,124,2025-11-30T12:00:00Z,90,FALSE,TRUE,14,2,8,1,[List],3,3,124914
2562015,13,TRUE,TRUE,121,2025-11-30T14:05:00Z,90,FALSE,TRUE,20,0,2,1,[List],2,4,124911
2562021,13,TRUE,TRUE,127,2025-11-30T14:05:00Z,90,FALSE,TRUE,6,2,16,0,[List],3,3,124917
2562024,13,TRUE,TRUE,130,2025-11-30T14:05:00Z,90,FALSE,TRUE,12,2,19,0,[List],3,2,124920
2562017,13,TRUE,TRUE,123,2025-11-30T16:30:00Z,90,FALSE,TRUE,1,1,7,1,[List],4,3,124913
2562025,14,TRUE,TRUE,132,2025-12-02T19:30:00Z,90,FALSE,TRUE,9,1,4,0,[List],3,3,124922
2562029,14,TRUE,TRUE,135,2025-12-02T19:30:00Z,90,FALSE,TRUE,13,5,10,4,[List],4,3,124925
2562033,14,TRUE,TRUE,139,2025-12-02T20:15:00Z,90,FALSE,TRUE,18,2,15,2,[List],2,3,124929
2562026,14,TRUE,TRUE,131,2025-12-03T19:30:00Z,90,FALSE,TRUE,5,0,1,2,[List],3,5,124921
2562027,14,TRUE,TRUE,133,2025-12-03T19:30:00Z,90,FALSE,TRUE,2,4,6,3,[List],3,4,124923
2562028,14,TRUE,TRUE,134,2025-12-03T19:30:00Z,90,FALSE,TRUE,8,1,3,0,[List],3,2,124924
2562034,14,TRUE,TRUE,140,2025-12-03T19:30:00Z,90,FALSE,TRUE,16,1,20,0,[List],2,2,124930
2562030,14,TRUE,TRUE,136,2025-12-03T20:15:00Z,90,FALSE,TRUE,7,1,11,3,[List],3,3,124926
2562031,14,TRUE,TRUE,137,2025-12-03T20:15:00Z,90,FALSE,TRUE,17,1,12,1,[List],2,4,124927
2562032,14,TRUE,TRUE,138,2025-12-04T20:00:00Z,90,FALSE,TRUE,19,1,14,1,[List],2,4,124928
2562036,15,TRUE,TRUE,141,2025-12-06T12:30:00Z,90,FALSE,TRUE,1,1,2,2,[List],4,4,124931
2562035,15,TRUE,TRUE,142,2025-12-06T15:00:00Z,90,FALSE,TRUE,7,0,4,0,[List],3,3,124932
2562038,15,TRUE,TRUE,144,2025-12-06T15:00:00Z,90,FALSE,TRUE,16,0,9,3,[List],2,3,124934
2562041,15,TRUE,TRUE,147,2025-12-06T15:00:00Z,90,FALSE,TRUE,17,0,13,3,[List],2,5,124937
2562042,15,TRUE,TRUE,148,2025-12-06T15:00:00Z,90,FALSE,TRUE,3,1,15,2,[List],1,3,124938
2562043,15,TRUE,TRUE,149,2025-12-06T15:00:00Z,90,FALSE,TRUE,5,0,18,2,[List],3,2,124939
2562040,15,TRUE,TRUE,146,2025-12-06T17:30:00Z,90,FALSE,TRUE,12,3,11,3,[List],3,3,124936
2562037,15,TRUE,TRUE,143,2025-12-07T14:00:00Z,90,FALSE,TRUE,19,1,6,1,[List],2,4,124933
2562039,15,TRUE,TRUE,145,2025-12-07T16:30:00Z,90,FALSE,TRUE,8,2,10,1,[List],3,3,124935
2562044,15,TRUE,TRUE,150,2025-12-08T20:00:00Z,90,FALSE,TRUE,14,4,20,1,[List],3,2,124940
2562048,16,TRUE,TRUE,154,2025-12-13T15:00:00Z,90,FALSE,TRUE,9,0,7,2,[List],3,3,124944
2562050,16,TRUE,TRUE,156,2025-12-13T15:00:00Z,90,FALSE,TRUE,6,0,12,2,[List],3,4,124946
2562047,16,TRUE,TRUE,153,2025-12-13T17:30:00Z,90,FALSE,TRUE,10,3,3,2,[List],3,2,124943
2562045,16,TRUE,TRUE,151,2025-12-13T20:00:00Z,90,FALSE,TRUE,20,1,1,2,[List],2,5,124941
2562049,16,TRUE,TRUE,155,2025-12-14T14:00:00Z,90,FALSE,TRUE,13,3,8,0,[List],4,3,124945
2562052,16,TRUE,TRUE,158,2025-12-14T14:00:00Z,90,FALSE,TRUE,18,0,16,3,[List],2,3,124948
2562053,16,TRUE,TRUE,159,2025-12-14T14:00:00Z,90,FALSE,TRUE,15,0,17,1,[List],3,3,124949
2562054,16,TRUE,TRUE,160,2025-12-14T14:00:00Z,90,FALSE,TRUE,2,3,19,2,[List],3,2,124950
2562046,16,TRUE,TRUE,152,2025-12-14T16:30:00Z,90,FALSE,TRUE,11,1,5,1,[List],2,3,124942
2562051,16,TRUE,TRUE,157,2025-12-15T20:00:00Z,90,FALSE,TRUE,4,4,14,4,[List],3,4,124947
2562062,17,TRUE,TRUE,168,2025-12-20T12:30:00Z,90,FALSE,TRUE,7,2,15,2,[List],3,3,124958
2562055,17,TRUE,TRUE,162,2025-12-20T15:00:00Z,90,FALSE,TRUE,3,1,4,1,[List],1,3,124952
2562057,17,TRUE,TRUE,163,2025-12-20T15:00:00Z,90,FALSE,TRUE,17,0,6,0,[List],2,4,124953
2562061,17,TRUE,TRUE,167,2025-12-20T15:00:00Z,90,FALSE,TRUE,19,0,13,3,[List],2,5,124957
2562064,17,TRUE,TRUE,170,2025-12-20T15:00:00Z,90,FALSE,TRUE,5,2,20,0,[List],3,2,124960
2562063,17,TRUE,TRUE,169,2025-12-20T17:30:00Z,90,FALSE,TRUE,12,2,18,1,[List],3,2,124959
2562058,17,TRUE,TRUE,164,2025-12-20T20:00:00Z,90,FALSE,TRUE,1,1,9,0,[List],4,3,124954
2562060,17,TRUE,TRUE,166,2025-12-20T20:00:00Z,90,FALSE,TRUE,8,1,11,4,[List],3,3,124956
2562056,17,TRUE,TRUE,161,2025-12-21T16:30:00Z,90,FALSE,TRUE,14,1,2,2,[List],3,4,124951
2562059,17,TRUE,TRUE,165,2025-12-22T20:00:00Z,90,FALSE,TRUE,16,0,10,1,[List],2,3,124955
2562071,18,TRUE,TRUE,177,2025-12-26T20:00:00Z,90,FALSE,TRUE,15,0,14,1,[List],3,4,124967
2562072,18,TRUE,TRUE,178,2025-12-27T12:30:00Z,90,FALSE,TRUE,13,2,16,1,[List],4,3,124968
2562065,18,TRUE,TRUE,171,2025-12-27T15:00:00Z,90,FALSE,TRUE,6,1,1,2,[List],3,5,124961
2562066,18,TRUE,TRUE,172,2025-12-27T15:00:00Z,90,FALSE,TRUE,4,1,5,4,[List],3,3,124962
2562067,18,TRUE,TRUE,173,2025-12-27T15:00:00Z,90,FALSE,TRUE,9,0,3,0,[List],3,2,124963
2562070,18,TRUE,TRUE,176,2025-12-27T15:00:00Z,90,FALSE,TRUE,20,1,12,2,[List],2,4,124966
2562074,18,TRUE,TRUE,180,2025-12-27T15:00:00Z,90,FALSE,TRUE,10,1,19,0,[List],3,2,124970
2562068,18,TRUE,TRUE,174,2025-12-27T17:30:00Z,90,FALSE,TRUE,2,2,7,1,[List],3,3,124964
2562073,18,TRUE,TRUE,179,2025-12-28T14:00:00Z,90,FALSE,TRUE,11,1,17,1,[List],2,3,124969
2562069,18,TRUE,TRUE,175,2025-12-28T16:30:00Z,90,FALSE,TRUE,18,1,8,0,[List],2,3,124965
2562077,19,TRUE,TRUE,183,2025-12-30T19:30:00Z,90,FALSE,TRUE,15,3,3,1,[List],3,2,124973
2562078,19,TRUE,TRUE,184,2025-12-30T19:30:00Z,90,FALSE,TRUE,4,2,7,2,[List],3,3,124974
2562082,19,TRUE,TRUE,188,2025-12-30T19:30:00Z,90,FALSE,TRUE,9,2,16,0,[List],3,3,124978
2562084,19,TRUE,TRUE,190,2025-12-30T19:30:00Z,90,FALSE,TRUE,6,2,19,2,[List],3,2,124980
2562075,19,TRUE,TRUE,181,2025-12-30T20:15:00Z,90,FALSE,TRUE,2,1,1,4,[List],3,5,124971
2562081,19,TRUE,TRUE,187,2025-12-30T20:15:00Z,90,FALSE,TRUE,20,1,14,1,[List],2,4,124977
2562079,19,TRUE,TRUE,185,2026-01-01T17:30:00Z,90,FALSE,TRUE,10,1,8,1,[List],3,3,124975
2562080,19,TRUE,TRUE,186,2026-01-01T17:30:00Z,90,FALSE,TRUE,11,0,12,0,[List],2,4,124976
2562076,19,TRUE,TRUE,182,2026-01-01T20:00:00Z,90,FALSE,TRUE,18,0,5,0,[List],2,3,124972
2562083,19,TRUE,TRUE,189,2026-01-01T20:00:00Z,90,FALSE,TRUE,13,0,17,0,[List],4,3,124979
2562086,20,TRUE,TRUE,191,2026-01-03T12:30:00Z,90,FALSE,TRUE,16,1,2,3,[List],2,4,124981
2562087,20,TRUE,TRUE,193,2026-01-03T15:00:00Z,90,FALSE,TRUE,3,0,6,2,[List],1,4,124983
2562094,20,TRUE,TRUE,200,2026-01-03T15:00:00Z,90,FALSE,TRUE,19,0,20,3,[List],2,2,124990
2562085,20,TRUE,TRUE,192,2026-01-03T17:30:00Z,90,FALSE,TRUE,1,3,4,2,[List],4,3,124982
2562090,20,TRUE,TRUE,196,2026-01-04T12:30:00Z,90,FALSE,TRUE,14,1,11,1,[List],3,3,124986
2562088,20,TRUE,TRUE,194,2026-01-04T15:00:00Z,90,FALSE,TRUE,5,4,9,2,[List],3,3,124984
2562092,20,TRUE,TRUE,198,2026-01-04T15:00:00Z,90,FALSE,TRUE,8,0,15,2,[List],3,3,124988
2562093,20,TRUE,TRUE,199,2026-01-04T15:00:00Z,90,FALSE,TRUE,17,1,18,1,[List],2,2,124989
2562089,20,TRUE,TRUE,195,2026-01-04T15:15:00Z,90,FALSE,TRUE,12,2,10,2,[List],3,3,124985
2562091,20,TRUE,TRUE,197,2026-01-04T17:30:00Z,90,FALSE,TRUE,7,1,13,1,[List],3,5,124987
2562104,21,TRUE,TRUE,210,2026-01-06T20:00:00Z,90,FALSE,TRUE,16,2,19,1,[List],2,2,125000
2562095,21,TRUE,TRUE,202,2026-01-07T19:30:00Z,90,FALSE,TRUE,18,2,4,3,[List],2,3,124992
2562097,21,TRUE,TRUE,203,2026-01-07T19:30:00Z,90,FALSE,TRUE,17,0,5,3,[List],2,3,124993
2562099,21,TRUE,TRUE,205,2026-01-07T19:30:00Z,90,FALSE,TRUE,2,0,8,0,[List],3,3,124995
2562100,21,TRUE,TRUE,206,2026-01-07T19:30:00Z,90,FALSE,TRUE,20,1,9,1,[List],2,3,124996
2562101,21,TRUE,TRUE,207,2026-01-07T19:30:00Z,90,FALSE,TRUE,7,1,10,2,[List],3,3,124997
2562102,21,TRUE,TRUE,208,2026-01-07T19:30:00Z,90,FALSE,TRUE,6,1,13,1,[List],3,5,124998
2562098,21,TRUE,TRUE,204,2026-01-07T20:15:00Z,90,FALSE,TRUE,14,2,3,2,[List],3,2,124994
2562103,21,TRUE,TRUE,209,2026-01-07T20:15:00Z,90,FALSE,TRUE,11,3,15,4,[List],2,3,124999
2562096,21,TRUE,TRUE,201,2026-01-08T20:00:00Z,90,FALSE,TRUE,12,0,1,0,[List],3,5,124991
2562110,22,TRUE,TRUE,216,2026-01-17T12:30:00Z,90,FALSE,TRUE,13,0,14,2,[List],4,4,125006
2562107,22,TRUE,TRUE,213,2026-01-17T15:00:00Z,90,FALSE,TRUE,5,0,7,2,[List],3,3,125003
2562108,22,TRUE,TRUE,214,2026-01-17T15:00:00Z,90,FALSE,TRUE,10,0,11,1,[List],3,3,125004
2562109,22,TRUE,TRUE,215,2026-01-17T15:00:00Z,90,FALSE,TRUE,3,1,12,1,[List],1,4,125005
2562113,22,TRUE,TRUE,219,2026-01-17T15:00:00Z,90,FALSE,TRUE,19,2,18,1,[List],2,2,125009
2562112,22,TRUE,TRUE,218,2026-01-17T15:00:00Z,90,FALSE,TRUE,8,1,17,2,[List],3,3,125008
2562111,22,TRUE,TRUE,217,2026-01-17T17:30:00Z,90,FALSE,TRUE,1,0,16,0,[List],4,3,125007
2562114,22,TRUE,TRUE,220,2026-01-18T14:00:00Z,90,FALSE,TRUE,15,0,20,0,[List],3,2,125010
2562105,22,TRUE,TRUE,211,2026-01-18T16:30:00Z,90,FALSE,TRUE,9,1,2,0,[List],3,4,125001
2562106,22,TRUE,TRUE,212,2026-01-19T20:00:00Z,90,FALSE,TRUE,4,1,6,1,[List],3,4,125002
2562124,23,TRUE,TRUE,230,2026-01-24T12:30:00Z,90,FALSE,TRUE,17,1,19,3,[List],2,2,125020
2562118,23,TRUE,TRUE,224,2026-01-24T15:00:00Z,90,FALSE,TRUE,18,2,3,2,[List],2,2,125014
2562121,23,TRUE,TRUE,227,2026-01-24T15:00:00Z,90,FALSE,TRUE,6,1,10,2,[List],3,3,125017
2562122,23,TRUE,TRUE,228,2026-01-24T15:00:00Z,90,FALSE,TRUE,20,0,13,2,[List],2,5,125018
2562115,23,TRUE,TRUE,222,2026-01-24T17:30:00Z,90,FALSE,TRUE,12,2,4,3,[List],3,3,125012
2562117,23,TRUE,TRUE,223,2026-01-25T14:00:00Z,90,FALSE,TRUE,16,2,5,0,[List],2,3,125013
2562119,23,TRUE,TRUE,225,2026-01-25T14:00:00Z,90,FALSE,TRUE,7,3,8,1,[List],3,3,125015
2562123,23,TRUE,TRUE,229,2026-01-25T14:00:00Z,90,FALSE,TRUE,2,2,15,0,[List],3,3,125019
2562116,23,TRUE,TRUE,221,2026-01-25T16:30:00Z,90,FALSE,TRUE,14,3,1,2,[List],3,5,125011
2562120,23,TRUE,TRUE,226,2026-01-26T20:00:00Z,90,FALSE,TRUE,11,1,9,1,[List],2,3,125016
2562126,24,TRUE,TRUE,232,2026-01-31T15:00:00Z,90,FALSE,TRUE,9,1,6,1,[List],3,4,125022
2562128,24,TRUE,TRUE,234,2026-01-31T15:00:00Z,90,FALSE,TRUE,1,4,11,0,[List],4,3,125024
2562134,24,TRUE,TRUE,240,2026-01-31T15:00:00Z,90,FALSE,TRUE,4,2,20,0,[List],3,2,125030
2562127,24,TRUE,TRUE,233,2026-01-31T17:30:00Z,90,FALSE,TRUE,19,2,7,3,[List],2,3,125023
2562129,24,TRUE,TRUE,235,2026-01-31T20:00:00Z,90,FALSE,TRUE,15,1,12,4,[List],3,4,125025
2562125,24,TRUE,TRUE,231,2026-02-01T14:00:00Z,90,FALSE,TRUE,5,1,2,0,[List],3,4,125021
2562130,24,TRUE,TRUE,236,2026-02-01T14:00:00Z,90,FALSE,TRUE,10,2,14,3,[List],3,4,125026
2562131,24,TRUE,TRUE,237,2026-02-01T14:00:00Z,90,FALSE,TRUE,8,1,16,1,[List],3,3,125027
2562133,24,TRUE,TRUE,239,2026-02-01T16:30:00Z,90,FALSE,TRUE,13,2,18,2,[List],4,2,125029
2562132,24,TRUE,TRUE,238,2026-02-02T20:00:00Z,90,FALSE,TRUE,3,0,17,3,[List],1,3,125028
2562140,25,TRUE,TRUE,246,2026-02-06T20:00:00Z,90,FALSE,TRUE,16,1,11,3,[List],2,3,125036
2562142,25,TRUE,TRUE,248,2026-02-07T12:30:00Z,90,FALSE,TRUE,18,0,14,2,[List],2,4,125038
2562136,25,TRUE,TRUE,241,2026-02-07T15:00:00Z,90,FALSE,TRUE,17,0,1,3,[List],2,5,125031
2562135,25,TRUE,TRUE,242,2026-02-07T15:00:00Z,90,FALSE,TRUE,2,1,4,1,[List],3,3,125032
2562138,25,TRUE,TRUE,244,2026-02-07T15:00:00Z,90,FALSE,TRUE,19,2,3,0,[List],2,2,125034
2562139,25,TRUE,TRUE,245,2026-02-07T15:00:00Z,90,FALSE,TRUE,9,2,10,1,[List],3,3,125035
2562144,25,TRUE,TRUE,250,2026-02-07T15:00:00Z,90,FALSE,TRUE,7,3,20,1,[List],3,2,125040
2562143,25,TRUE,TRUE,249,2026-02-07T17:30:00Z,90,FALSE,TRUE,5,3,15,2,[List],3,3,125039
2562137,25,TRUE,TRUE,243,2026-02-08T14:00:00Z,90,FALSE,TRUE,8,1,6,0,[List],3,4,125033
2562141,25,TRUE,TRUE,247,2026-02-08T16:30:00Z,90,FALSE,TRUE,13,2,12,1,[List],4,4,125037
2562147,26,TRUE,TRUE,253,2026-02-10T19:30:00Z,90,FALSE,TRUE,11,2,7,2,[List],2,3,125043
2562149,26,TRUE,TRUE,255,2026-02-10T19:30:00Z,90,FALSE,TRUE,4,2,9,1,[List],3,3,125045
2562153,26,TRUE,TRUE,259,2026-02-10T19:30:00Z,90,FALSE,TRUE,15,2,18,1,[List],3,2,125049
2562154,26,TRUE,TRUE,260,2026-02-10T20:15:00Z,90,FALSE,TRUE,14,1,19,1,[List],3,2,125050
2562145,26,TRUE,TRUE,251,2026-02-11T19:30:00Z,90,FALSE,TRUE,6,0,2,1,[List],3,4,125041
2562150,26,TRUE,TRUE,256,2026-02-11T19:30:00Z,90,FALSE,TRUE,10,0,13,3,[List],3,5,125046
2562151,26,TRUE,TRUE,257,2026-02-11T19:30:00Z,90,FALSE,TRUE,20,0,16,0,[List],2,3,125047
2562148,26,TRUE,TRUE,254,2026-02-11T19:40:00Z,90,FALSE,TRUE,3,3,8,2,[List],1,3,125044
2562152,26,TRUE,TRUE,258,2026-02-11T20:15:00Z,90,FALSE,TRUE,12,1,17,0,[List],3,3,125048
2562146,26,TRUE,TRUE,252,2026-02-12T20:00:00Z,90,FALSE,TRUE,1,1,5,1,[List],4,3,125042
2562204,26,TRUE,TRUE,310,2026-02-18T20:00:00Z,90,FALSE,TRUE,1,2,20,2,[List],4,2,125100
2562155,27,TRUE,TRUE,261,2026-02-21T15:00:00Z,90,FALSE,TRUE,11,1,2,1,[List],2,4,125051
2562156,27,TRUE,TRUE,262,2026-02-21T15:00:00Z,90,FALSE,TRUE,6,2,5,0,[List],3,3,125052
2562157,27,TRUE,TRUE,263,2026-02-21T15:00:00Z,90,FALSE,TRUE,3,1,7,1,[List],1,3,125053
2562164,27,TRUE,TRUE,270,2026-02-21T17:30:00Z,90,FALSE,TRUE,4,0,19,0,[List],3,2,125060
2562160,27,TRUE,TRUE,266,2026-02-21T20:00:00Z,90,FALSE,TRUE,15,1,13,2,[List],3,5,125056
2562158,27,TRUE,TRUE,264,2026-02-22T14:00:00Z,90,FALSE,TRUE,20,0,8,1,[List],2,3,125054
2562161,27,TRUE,TRUE,267,2026-02-22T14:00:00Z,90,FALSE,TRUE,12,1,16,0,[List],3,3,125057
2562162,27,TRUE,TRUE,268,2026-02-22T14:00:00Z,90,FALSE,TRUE,10,3,17,1,[List],3,3,125058
2562163,27,TRUE,TRUE,269,2026-02-22T16:30:00Z,90,FALSE,TRUE,1,4,18,1,[List],4,2,125059
2562159,27,TRUE,TRUE,265,2026-02-23T20:00:00Z,90,FALSE,TRUE,14,1,9,0,[List],3,3,125055
2562174,28,TRUE,TRUE,280,2026-02-27T20:00:00Z,90,FALSE,TRUE,2,0,20,2,[List],3,2,125070
2562165,28,TRUE,TRUE,272,2026-02-28T12:30:00Z,90,FALSE,TRUE,17,1,4,1,[List],2,3,125062
2562168,28,TRUE,TRUE,274,2026-02-28T15:00:00Z,90,FALSE,TRUE,5,4,3,3,[List],3,2,125064
2562171,28,TRUE,TRUE,277,2026-02-28T15:00:00Z,90,FALSE,TRUE,19,2,12,5,[List],2,4,125067
2562173,28,TRUE,TRUE,279,2026-02-28T15:00:00Z,90,FALSE,TRUE,9,3,15,2,[List],3,3,125069
2562170,28,TRUE,TRUE,276,2026-02-28T17:30:00Z,90,FALSE,TRUE,13,1,11,0,[List],4,3,125066
2562167,28,TRUE,TRUE,273,2026-03-01T14:00:00Z,90,FALSE,TRUE,16,1,6,2,[List],2,4,125063
2562169,28,TRUE,TRUE,275,2026-03-01T14:00:00Z,90,FALSE,TRUE,18,1,10,2,[List],2,3,125065
2562172,28,TRUE,TRUE,278,2026-03-01T14:00:00Z,90,FALSE,TRUE,8,1,14,2,[List],3,4,125068
2562166,28,TRUE,TRUE,271,2026-03-01T16:30:00Z,90,FALSE,TRUE,7,1,1,2,[List],3,5,125061
2562175,29,TRUE,TRUE,282,2026-03-03T19:30:00Z,90,FALSE,TRUE,5,0,4,0,[List],3,3,125072
2562178,29,TRUE,TRUE,284,2026-03-03T19:30:00Z,90,FALSE,TRUE,3,0,9,2,[List],1,3,125074
2562180,29,TRUE,TRUE,286,2026-03-03T19:30:00Z,90,FALSE,TRUE,17,1,11,0,[List],2,3,125076
2562184,29,TRUE,TRUE,290,2026-03-03T20:15:00Z,90,FALSE,TRUE,12,1,20,2,[List],3,2,125080
2562176,29,TRUE,TRUE,281,2026-03-04T19:30:00Z,90,FALSE,TRUE,7,4,2,1,[List],3,4,125071
2562177,29,TRUE,TRUE,283,2026-03-04T19:30:00Z,90,FALSE,TRUE,1,1,6,0,[List],4,4,125073
2562179,29,TRUE,TRUE,285,2026-03-04T19:30:00Z,90,FALSE,TRUE,19,1,10,0,[List],2,3,125075
2562181,29,TRUE,TRUE,287,2026-03-04T19:30:00Z,90,FALSE,TRUE,16,2,13,2,[List],2,5,125077
2562182,29,TRUE,TRUE,288,2026-03-04T20:15:00Z,90,FALSE,TRUE,14,1,15,2,[List],3,3,125078
2562183,29,TRUE,TRUE,289,2026-03-05T20:00:00Z,90,FALSE,TRUE,8,3,18,1,[List],3,2,125079
2562187,30,TRUE,TRUE,293,2026-03-14T15:00:00Z,90,FALSE,TRUE,4,0,3,0,[List],3,2,125083
2562193,30,TRUE,TRUE,299,2026-03-14T15:00:00Z,90,FALSE,TRUE,6,1,17,0,[List],3,3,125089
2562185,30,TRUE,TRUE,291,2026-03-14T17:30:00Z,90,FALSE,TRUE,9,0,1,2,[List],3,5,125081
2562188,30,TRUE,TRUE,294,2026-03-14T17:30:00Z,90,FALSE,TRUE,15,1,7,0,[List],3,3,125084
2562194,30,TRUE,TRUE,300,2026-03-14T20:00:00Z,90,FALSE,TRUE,13,1,19,1,[List],4,2,125090
2562189,30,TRUE,TRUE,295,2026-03-15T14:00:00Z,90,FALSE,TRUE,11,0,8,0,[List],2,3,125085
2562191,30,TRUE,TRUE,297,2026-03-15T14:00:00Z,90,FALSE,TRUE,2,1,14,3,[List],3,4,125087
2562192,30,TRUE,TRUE,298,2026-03-15T14:00:00Z,90,FALSE,TRUE,10,0,16,0,[List],3,3,125088
2562190,30,TRUE,TRUE,296,2026-03-15T16:30:00Z,90,FALSE,TRUE,18,1,12,1,[List],2,4,125086
2562186,30,TRUE,TRUE,292,2026-03-16T20:00:00Z,90,FALSE,TRUE,20,2,5,2,[List],2,3,125082
2562195,31,TRUE,TRUE,302,2026-03-20T20:00:00Z,90,FALSE,TRUE,14,2,4,2,[List],3,3,125092
2562197,31,TRUE,TRUE,303,2026-03-21T12:45:00Z,90,FALSE,TRUE,12,1,6,2,[List],3,4,125093
2562199,31,TRUE,TRUE,305,2026-03-21T15:00:00Z,90,FALSE,TRUE,3,1,10,3,[List],1,3,125095
2562198,31,TRUE,TRUE,304,2026-03-21T17:30:00Z,90,FALSE,TRUE,7,0,9,3,[List],3,3,125094
2562200,31,TRUE,TRUE,306,2026-03-21T20:00:00Z,90,FALSE,TRUE,5,0,11,0,[List],3,3,125096
2562202,31,TRUE,TRUE,308,2026-03-22T12:00:00Z,90,FALSE,TRUE,17,2,15,1,[List],2,3,125098
2562196,31,TRUE,TRUE,301,2026-03-22T14:15:00Z,90,FALSE,TRUE,19,0,2,2,[List],2,4,125091
2562203,31,TRUE,TRUE,309,2026-03-22T14:15:00Z,90,FALSE,TRUE,16,3,18,0,[List],2,2,125099
2562214,32,TRUE,TRUE,320,2026-04-10T19:00:00Z,90,FALSE,TRUE,20,0,19,4,[List],2,2,125110
2562205,32,TRUE,TRUE,311,2026-04-11T11:30:00Z,90,FALSE,TRUE,4,2,1,1,[List],3,5,125101
2562206,32,TRUE,TRUE,312,2026-04-11T14:00:00Z,90,FALSE,TRUE,9,2,5,2,[List],3,3,125102
2562207,32,TRUE,TRUE,313,2026-04-11T14:00:00Z,90,FALSE,TRUE,6,2,3,0,[List],3,2,125103
2562210,32,TRUE,TRUE,316,2026-04-11T16:30:00Z,90,FALSE,TRUE,10,0,12,2,[List],3,4,125106
2562209,32,TRUE,TRUE,315,2026-04-12T13:00:00Z,90,FALSE,TRUE,15,1,8,2,[List],3,3,125105
2562212,32,TRUE,TRUE,318,2026-04-12T13:00:00Z,90,FALSE,TRUE,2,1,16,1,[List],3,3,125108
2562213,32,TRUE,TRUE,319,2026-04-12T13:00:00Z,90,FALSE,TRUE,18,0,17,1,[List],2,3,125109
2562208,32,TRUE,TRUE,314,2026-04-12T15:30:00Z,90,FALSE,TRUE,13,3,7,0,[List],4,3,125104
2562211,32,FALSE,FALSE,317,2026-04-13T19:00:00Z,0,FALSE,FALSE,11,,14,,[List],2,4,125107
2562216,33,FALSE,FALSE,322,2026-04-18T11:30:00Z,0,FALSE,FALSE,10,,5,,[List],3,3,125112
2562220,33,FALSE,FALSE,326,2026-04-18T14:00:00Z,0,FALSE,FALSE,20,,11,,[List],2,3,125116
2562222,33,FALSE,FALSE,328,2026-04-18T14:00:00Z,0,FALSE,FALSE,4,,15,,[List],3,3,125118
2562224,33,FALSE,FALSE,330,2026-04-18T16:30:00Z,0,FALSE,FALSE,6,,18,,[List],3,2,125120
2562217,33,FALSE,FALSE,323,2026-04-18T19:00:00Z,0,FALSE,FALSE,14,,7,,[List],3,3,125113
2562215,33,FALSE,FALSE,321,2026-04-19T13:00:00Z,0,FALSE,FALSE,17,,2,,[List],2,4,125111
2562219,33,FALSE,FALSE,325,2026-04-19T13:00:00Z,0,FALSE,FALSE,12,,9,,[List],3,3,125115
2562223,33,FALSE,FALSE,329,2026-04-19T13:00:00Z,0,FALSE,FALSE,3,,16,,[List],1,3,125119
2562221,33,FALSE,FALSE,327,2026-04-19T15:30:00Z,0,FALSE,FALSE,1,,13,,[List],4,5,125117
2562218,33,FALSE,FALSE,324,2026-04-20T19:00:00Z,0,FALSE,FALSE,19,,8,,[List],2,3,125114
2562227,33,FALSE,FALSE,333,2026-04-21T19:00:00Z,0,FALSE,FALSE,7,,6,,[List],3,4,125123
2562225,33,FALSE,FALSE,332,2026-04-22T19:00:00Z,0,FALSE,FALSE,11,,4,,[List],2,3,125122
2562228,33,FALSE,FALSE,334,2026-04-22T19:00:00Z,0,FALSE,FALSE,13,,3,,[List],4,2,125124
2562232,34,FALSE,FALSE,338,2026-04-24T19:00:00Z,0,FALSE,FALSE,16,,17,,[List],2,3,125128
2562229,34,FALSE,FALSE,335,2026-04-25T11:30:00Z,0,FALSE,FALSE,2,,10,,[List],3,3,125125
2562230,34,FALSE,FALSE,336,2026-04-25T14:00:00Z,0,FALSE,FALSE,8,,12,,[List],3,4,125126
2562233,34,FALSE,FALSE,339,2026-04-25T14:00:00Z,0,FALSE,FALSE,9,,19,,[List],3,2,125129
2562234,34,FALSE,FALSE,340,2026-04-25T14:00:00Z,0,FALSE,FALSE,18,,20,,[List],2,2,125130
2562226,34,FALSE,FALSE,331,2026-04-25T16:30:00Z,0,FALSE,FALSE,15,,1,,[List],3,5,125121
2562231,34,FALSE,FALSE,337,2026-04-27T19:00:00Z,0,FALSE,FALSE,5,,14,,[List],3,4,125127
2562241,35,FALSE,FALSE,347,2026-05-01T19:00:00Z,0,FALSE,FALSE,3,,11,,[List],1,3,125137
2562237,35,FALSE,FALSE,342,2026-05-02T11:30:00Z,0,FALSE,FALSE,18,,2,,[List],2,4,125132
2562235,35,FALSE,FALSE,343,2026-05-02T14:00:00Z,0,FALSE,FALSE,8,,4,,[List],3,3,125133
2562238,35,FALSE,FALSE,344,2026-05-02T14:00:00Z,0,FALSE,FALSE,19,,5,,[List],2,3,125134
2562243,35,FALSE,FALSE,349,2026-05-02T14:00:00Z,0,FALSE,FALSE,6,,15,,[List],3,3,125139
2562244,35,FALSE,FALSE,350,2026-05-02T14:00:00Z,0,FALSE,FALSE,17,,20,,[List],2,2,125140
2562236,35,FALSE,FALSE,341,2026-05-02T16:30:00Z,0,FALSE,FALSE,10,,1,,[List],3,5,125131
2562242,35,FALSE,FALSE,348,2026-05-03T14:30:00Z,0,FALSE,FALSE,12,,14,,[List],3,4,125138
2562239,35,FALSE,FALSE,345,2026-05-04T14:00:00Z,0,FALSE,FALSE,16,,7,,[List],2,3,125135
2562240,35,FALSE,FALSE,346,2026-05-04T19:00:00Z,0,FALSE,FALSE,13,,9,,[List],4,3,125136
2562249,36,FALSE,FALSE,355,2026-05-09T11:30:00Z,0,FALSE,FALSE,7,,12,,[List],3,4,125145
2562245,36,FALSE,FALSE,351,2026-05-09T14:00:00Z,0,FALSE,FALSE,20,,6,,[List],2,4,125141
2562246,36,FALSE,FALSE,352,2026-05-09T14:00:00Z,0,FALSE,FALSE,2,,3,,[List],3,2,125142
2562247,36,FALSE,FALSE,353,2026-05-09T14:00:00Z,0,FALSE,FALSE,9,,8,,[List],3,3,125143
2562248,36,FALSE,FALSE,354,2026-05-09T14:00:00Z,0,FALSE,FALSE,4,,10,,[List],3,3,125144
2562252,36,FALSE,FALSE,358,2026-05-09T14:00:00Z,0,FALSE,FALSE,14,,17,,[List],3,3,125148
2562250,36,FALSE,FALSE,356,2026-05-09T16:30:00Z,0,FALSE,FALSE,5,,13,,[List],3,5,125146
2562251,36,FALSE,FALSE,357,2026-05-10T13:00:00Z,0,FALSE,FALSE,15,,16,,[List],3,3,125147
2562254,36,FALSE,FALSE,360,2026-05-10T15:30:00Z,0,FALSE,FALSE,1,,19,,[List],4,2,125150
2562253,36,FALSE,FALSE,359,2026-05-11T19:00:00Z,0,FALSE,FALSE,11,,18,,[List],2,2,125149
2562256,37,FALSE,FALSE,361,2026-05-17T14:00:00Z,0,FALSE,FALSE,3,,1,,[List],1,5,125151
2562257,37,FALSE,FALSE,362,2026-05-17T14:00:00Z,0,FALSE,FALSE,12,,2,,[List],3,4,125152
2562255,37,FALSE,FALSE,363,2026-05-17T14:00:00Z,0,FALSE,FALSE,13,,4,,[List],4,3,125153
2562258,37,FALSE,FALSE,364,2026-05-17T14:00:00Z,0,FALSE,FALSE,8,,5,,[List],3,3,125154
2562259,37,FALSE,FALSE,365,2026-05-17T14:00:00Z,0,FALSE,FALSE,18,,7,,[List],2,3,125155
2562260,37,FALSE,FALSE,366,2026-05-17T14:00:00Z,0,FALSE,FALSE,17,,9,,[List],2,3,125156
2562261,37,FALSE,FALSE,367,2026-05-17T14:00:00Z,0,FALSE,FALSE,6,,11,,[List],3,3,125157
2562262,37,FALSE,FALSE,368,2026-05-17T14:00:00Z,0,FALSE,FALSE,16,,14,,[List],2,4,125158
2562263,37,FALSE,FALSE,369,2026-05-17T14:00:00Z,0,FALSE,FALSE,19,,15,,[List],2,3,125159
2562264,37,FALSE,FALSE,370,2026-05-17T14:00:00Z,0,FALSE,FALSE,10,,20,,[List],3,2,125160
2562265,38,FALSE,FALSE,371,2026-05-24T15:00:00Z,0,FALSE,FALSE,14,,6,,[List],3,4,125161
2562266,38,FALSE,FALSE,372,2026-05-24T15:00:00Z,0,FALSE,FALSE,20,,3,,[List],2,2,125162
2562267,38,FALSE,FALSE,373,2026-05-24T15:00:00Z,0,FALSE,FALSE,1,,8,,[List],4,3,125163
2562268,38,FALSE,FALSE,374,2026-05-24T15:00:00Z,0,FALSE,FALSE,15,,10,,[List],3,3,125164
2562269,38,FALSE,FALSE,375,2026-05-24T15:00:00Z,0,FALSE,FALSE,5,,12,,[List],3,4,125165
2562270,38,FALSE,FALSE,376,2026-05-24T15:00:00Z,0,FALSE,FALSE,2,,13,,[List],3,5,125166
2562271,38,FALSE,FALSE,377,2026-05-24T15:00:00Z,0,FALSE,FALSE,4,,16,,[List],3,3,125167
2562273,38,FALSE,FALSE,379,2026-05-24T15:00:00Z,0,FALSE,FALSE,9,,18,,[List],3,2,125169
2562272,38,FALSE,FALSE,378,2026-05-24T15:00:00Z,0,FALSE,FALSE,7,,17,,[List],3,3,125168
2562274,38,FALSE,FALSE,380,2026-05-24T15:00:00Z,0,FALSE,FALSE,11,,19,,[List],2,2,125170
